timesteps,mean_reward,mean_fuel_mL,mean_travel_time_s,mean_stop_steps,mean_max_abs_jerk
10000,-286.28542474612914,51.489442393414706,146.8125,210.375,2.7590720739271135
20000,-391.03873773419764,33.6477570621909,140.6875,232.5,3.414881446554546
30000,-319.2297634735896,36.4888861195656,134.875,218.75,2.539852736598944
40000,-296.0401378812967,60.15670777660268,144.625,202.625,3.9593532486116927
50000,-285.88924119424337,78.80279170791906,145.875,164.125,4.123717608791038
60000,-277.45745840939344,72.43590108642373,126.25,104.75,4.065787646681596
